{
  "isFrozen": false,
  "vanish": false,
  "lastKnownName": "mindamp",
  "lastLocation": {
    "world": "3b2823d7-265d-4a57-a9fa-126a1ff48fc3",
    "rotx": 0.0,
    "rotz": 0.0,
    "roty": 0.0,
    "x": -211.06352737275918,
    "y": 71.25220334025373,
    "z": 27.59595404156493
  },
  "lastLogin": 1545304509608,
  "lastLogout": 1545304572108,
  "lastIP": "/127.0.0.1",
  "firstJoin": 1545304507445,
  "startedFirstJoin": false,
  "invulnerable": false,
  "jailOnNextLogin": false,
  "fly": false,
  "warnings": [],
  "notes": [],
  "mail": [],
  "kitLastUsedTime": {}
}
